{
	"credit": "Made with Blockbench",
	"textures": {
		"0": "./mug",
		"particle": "./mug"
	},
	"elements": [
		{
			"from": [7, 0, 6],
			"to": [9, 2.25, 10],
			"rotation": {"angle": 0, "axis": "y", "origin": [7, 0, 8]},
			"faces": {
				"north": {"uv": [0, 0, 2, 2.25], "texture": "#0"},
				"east": {"uv": [0, 0, 4, 2.25], "texture": "#0"},
				"south": {"uv": [0, 0, 2, 2.25], "texture": "#0"},
				"west": {"uv": [0, 0, 4, 2.25], "texture": "#0"},
				"up": {"uv": [0, 0, 2, 4], "texture": "#0"},
				"down": {"uv": [0, 0, 2, 4], "texture": "#0"}
			}
		},
		{
			"from": [6, 0, 7],
			"to": [7, 2.25, 9],
			"rotation": {"angle": 0, "axis": "y", "origin": [5, 0, 8]},
			"faces": {
				"north": {"uv": [2, 0, 3, 2], "texture": "#0"},
				"east": {"uv": [0, 0, 2, 2], "texture": "#0"},
				"south": {"uv": [2, 2, 3, 4], "texture": "#0"},
				"west": {"uv": [0, 2, 2, 4], "texture": "#0"},
				"up": {"uv": [4, 2, 3, 0], "texture": "#0"},
				"down": {"uv": [4, 2, 3, 4], "texture": "#0"}
			}
		},
		{
			"from": [9, 0, 7],
			"to": [10, 2.25, 9],
			"rotation": {"angle": 0, "axis": "y", "origin": [8, 0, 8]},
			"faces": {
				"north": {"uv": [2, 0, 3, 2.25], "texture": "#0"},
				"east": {"uv": [0, 0, 2, 2.25], "texture": "#0"},
				"south": {"uv": [2, 2, 3, 4.25], "texture": "#0"},
				"west": {"uv": [0, 2, 2, 4.25], "texture": "#0"},
				"up": {"uv": [4, 2, 5, 4], "texture": "#0"},
				"down": {"uv": [4, 2, 5, 4], "texture": "#0"}
			}
		},
		{
			"from": [6.75, 2, 5.75],
			"to": [9.25, 5.25, 10.25],
			"rotation": {"angle": 0, "axis": "y", "origin": [7, 2, 8]},
			"faces": {
				"north": {"uv": [0, 5, 2.5, 8.25], "texture": "#0"},
				"east": {"uv": [0, 5, 3.5, 8.25], "texture": "#0"},
				"south": {"uv": [0, 5, 2.5, 8.25], "texture": "#0"},
				"west": {"uv": [0, 5, 3.75, 8.25], "texture": "#0"},
				"up": {"uv": [0, 4, 2.5, 8.5], "texture": "#0"},
				"down": {"uv": [0, 4, 2.5, 8.5], "texture": "#0"}
			}
		},
		{
			"from": [6.75, 2.25, 5.5],
			"to": [9.25, 4, 5.75],
			"rotation": {"angle": 0, "axis": "y", "origin": [7, 2, 3.5]},
			"faces": {
				"north": {"uv": [4, 5.25, 7, 9], "texture": "#0"},
				"east": {"uv": [4, 5.25, 7, 8.25], "texture": "#0"},
				"south": {"uv": [4, 5.25, 7, 8.25], "texture": "#0"},
				"west": {"uv": [4, 5.25, 7, 8.25], "texture": "#0"},
				"up": {"uv": [4, 5.25, 7, 8.25], "texture": "#0"},
				"down": {"uv": [4, 5.25, 7, 8.25], "texture": "#0"}
			}
		},
		{
			"from": [6.75, 2.25, 10.25],
			"to": [9.25, 4, 10.5],
			"rotation": {"angle": 0, "axis": "y", "origin": [7, 2, 8.25]},
			"faces": {
				"north": {"uv": [4, 5.25, 7, 9], "texture": "#0"},
				"east": {"uv": [4, 5.25, 7, 8.25], "texture": "#0"},
				"south": {"uv": [4, 5.25, 7, 8.25], "texture": "#0"},
				"west": {"uv": [4, 5.25, 7, 8.25], "texture": "#0"},
				"up": {"uv": [4, 5.25, 7, 8.25], "texture": "#0"},
				"down": {"uv": [4, 5.25, 7, 8.25], "texture": "#0"}
			}
		},
		{
			"from": [5.5, 2.25, 6.75],
			"to": [5.75, 4, 9.25],
			"rotation": {"angle": 0, "axis": "y", "origin": [3.5, 2, 6.25]},
			"faces": {
				"north": {"uv": [4, 5.25, 7, 9], "texture": "#0"},
				"east": {"uv": [4, 5.25, 7, 8.25], "texture": "#0"},
				"south": {"uv": [4, 5.25, 7, 8.25], "texture": "#0"},
				"west": {"uv": [4, 5.25, 7, 8.25], "texture": "#0"},
				"up": {"uv": [4, 5.25, 7, 8.25], "texture": "#0"},
				"down": {"uv": [4, 5.25, 7, 8.25], "texture": "#0"}
			}
		},
		{
			"from": [10.25, 2.25, 6.75],
			"to": [10.5, 4, 9.25],
			"rotation": {"angle": 0, "axis": "y", "origin": [8.25, 2, 6.25]},
			"faces": {
				"north": {"uv": [4, 5.25, 7, 9], "texture": "#0"},
				"east": {"uv": [4, 5.25, 7, 8.25], "texture": "#0"},
				"south": {"uv": [4, 5.25, 7, 8.25], "texture": "#0"},
				"west": {"uv": [4, 5.25, 7, 8.25], "texture": "#0"},
				"up": {"uv": [4, 5.25, 7, 8.25], "texture": "#0"},
				"down": {"uv": [4, 5.25, 7, 8.25], "texture": "#0"}
			}
		},
		{
			"from": [10, 2.25, 6.5],
			"to": [10.25, 4, 6.75],
			"rotation": {"angle": 0, "axis": "y", "origin": [7.25, 2, 8.75]},
			"faces": {
				"north": {"uv": [4, 5, 5, 8.25], "texture": "#0"},
				"east": {"uv": [4, 5, 5, 8.25], "texture": "#0"},
				"south": {"uv": [4, 5, 5, 8.25], "texture": "#0"},
				"west": {"uv": [4, 5, 5, 8.25], "texture": "#0"},
				"up": {"uv": [4, 5, 5, 8.25], "texture": "#0"},
				"down": {"uv": [4, 5, 5, 8.25], "texture": "#0"}
			}
		},
		{
			"from": [9.75, 2.25, 6.25],
			"to": [10, 4, 6.5],
			"rotation": {"angle": 0, "axis": "y", "origin": [7, 2, 8.5]},
			"faces": {
				"north": {"uv": [4, 5, 5, 8.25], "texture": "#0"},
				"east": {"uv": [4, 5, 5, 8.25], "texture": "#0"},
				"south": {"uv": [4, 5, 5, 8.25], "texture": "#0"},
				"west": {"uv": [4, 5, 5, 8.25], "texture": "#0"},
				"up": {"uv": [4, 5, 5, 8.25], "texture": "#0"},
				"down": {"uv": [4, 5, 5, 8.25], "texture": "#0"}
			}
		},
		{
			"from": [9.5, 2.25, 6],
			"to": [9.75, 4, 6.25],
			"rotation": {"angle": 0, "axis": "y", "origin": [6.75, 2, 8.25]},
			"faces": {
				"north": {"uv": [4, 5, 5, 8.25], "texture": "#0"},
				"east": {"uv": [4, 5, 5, 8.25], "texture": "#0"},
				"south": {"uv": [4, 5, 5, 8.25], "texture": "#0"},
				"west": {"uv": [4, 5, 5, 8.25], "texture": "#0"},
				"up": {"uv": [4, 5, 5, 8.25], "texture": "#0"},
				"down": {"uv": [4, 5, 5, 8.25], "texture": "#0"}
			}
		},
		{
			"from": [9.25, 2.25, 5.75],
			"to": [9.5, 4, 6],
			"rotation": {"angle": 0, "axis": "y", "origin": [6.5, 2, 8]},
			"faces": {
				"north": {"uv": [4, 5, 5, 8.25], "texture": "#0"},
				"east": {"uv": [4, 5, 5, 8.25], "texture": "#0"},
				"south": {"uv": [4, 5, 5, 8.25], "texture": "#0"},
				"west": {"uv": [4, 5, 5, 8.25], "texture": "#0"},
				"up": {"uv": [4, 5, 5, 8.25], "texture": "#0"},
				"down": {"uv": [4, 5, 5, 8.25], "texture": "#0"}
			}
		},
		{
			"from": [6.5, 2.25, 5.75],
			"to": [6.75, 4, 6],
			"rotation": {"angle": 0, "axis": "y", "origin": [8.75, 2, 8.75]},
			"faces": {
				"north": {"uv": [4, 5, 5, 8.25], "texture": "#0"},
				"east": {"uv": [4, 5, 5, 8.25], "texture": "#0"},
				"south": {"uv": [4, 5, 5, 8.25], "texture": "#0"},
				"west": {"uv": [4, 5, 5, 8.25], "texture": "#0"},
				"up": {"uv": [4, 5, 5, 8.25], "texture": "#0"},
				"down": {"uv": [4, 5, 5, 8.25], "texture": "#0"}
			}
		},
		{
			"from": [6.25, 2.25, 6],
			"to": [6.5, 4, 6.25],
			"rotation": {"angle": 0, "axis": "y", "origin": [8.5, 2, 9]},
			"faces": {
				"north": {"uv": [4, 5, 5, 8.25], "texture": "#0"},
				"east": {"uv": [4, 5, 5, 8.25], "texture": "#0"},
				"south": {"uv": [4, 5, 5, 8.25], "texture": "#0"},
				"west": {"uv": [4, 5, 5, 8.25], "texture": "#0"},
				"up": {"uv": [4, 5, 5, 8.25], "texture": "#0"},
				"down": {"uv": [4, 5, 5, 8.25], "texture": "#0"}
			}
		},
		{
			"from": [6, 2.25, 6.25],
			"to": [6.25, 4, 6.5],
			"rotation": {"angle": 0, "axis": "y", "origin": [8.25, 2, 9.25]},
			"faces": {
				"north": {"uv": [4, 5, 5, 8.25], "texture": "#0"},
				"east": {"uv": [4, 5, 5, 8.25], "texture": "#0"},
				"south": {"uv": [4, 5, 5, 8.25], "texture": "#0"},
				"west": {"uv": [4, 5, 5, 8.25], "texture": "#0"},
				"up": {"uv": [4, 5, 5, 8.25], "texture": "#0"},
				"down": {"uv": [4, 5, 5, 8.25], "texture": "#0"}
			}
		},
		{
			"from": [5.75, 2.25, 6.5],
			"to": [6, 4, 6.75],
			"rotation": {"angle": 0, "axis": "y", "origin": [8, 2, 9.5]},
			"faces": {
				"north": {"uv": [4, 5, 5, 8.25], "texture": "#0"},
				"east": {"uv": [4, 5, 5, 8.25], "texture": "#0"},
				"south": {"uv": [4, 5, 5, 8.25], "texture": "#0"},
				"west": {"uv": [4, 5, 5, 8.25], "texture": "#0"},
				"up": {"uv": [4, 5, 5, 8.25], "texture": "#0"},
				"down": {"uv": [4, 5, 5, 8.25], "texture": "#0"}
			}
		},
		{
			"from": [10, 2.25, 9.25],
			"to": [10.25, 4, 9.5],
			"rotation": {"angle": 0, "axis": "y", "origin": [12.25, 2, 12.25]},
			"faces": {
				"north": {"uv": [4, 5, 5, 8.25], "texture": "#0"},
				"east": {"uv": [4, 5, 5, 8.25], "texture": "#0"},
				"south": {"uv": [4, 5, 5, 8.25], "texture": "#0"},
				"west": {"uv": [4, 5, 5, 8.25], "texture": "#0"},
				"up": {"uv": [4, 5, 5, 8.25], "texture": "#0"},
				"down": {"uv": [4, 5, 5, 8.25], "texture": "#0"}
			}
		},
		{
			"from": [9.75, 2.25, 9.5],
			"to": [10, 4, 9.75],
			"rotation": {"angle": 0, "axis": "y", "origin": [12, 2, 12.5]},
			"faces": {
				"north": {"uv": [4, 5, 5, 8.25], "texture": "#0"},
				"east": {"uv": [4, 5, 5, 8.25], "texture": "#0"},
				"south": {"uv": [4, 5, 5, 8.25], "texture": "#0"},
				"west": {"uv": [4, 5, 5, 8.25], "texture": "#0"},
				"up": {"uv": [4, 5, 5, 8.25], "texture": "#0"},
				"down": {"uv": [4, 5, 5, 8.25], "texture": "#0"}
			}
		},
		{
			"from": [9.5, 2.25, 9.75],
			"to": [9.75, 4, 10],
			"rotation": {"angle": 0, "axis": "y", "origin": [11.75, 2, 12.75]},
			"faces": {
				"north": {"uv": [4, 5, 5, 8.25], "texture": "#0"},
				"east": {"uv": [4, 5, 5, 8.25], "texture": "#0"},
				"south": {"uv": [4, 5, 5, 8.25], "texture": "#0"},
				"west": {"uv": [4, 5, 5, 8.25], "texture": "#0"},
				"up": {"uv": [4, 5, 5, 8.25], "texture": "#0"},
				"down": {"uv": [4, 5, 5, 8.25], "texture": "#0"}
			}
		},
		{
			"from": [9.25, 2.25, 10],
			"to": [9.5, 4, 10.25],
			"rotation": {"angle": 0, "axis": "y", "origin": [11.5, 2, 13]},
			"faces": {
				"north": {"uv": [4, 5, 5, 8.25], "texture": "#0"},
				"east": {"uv": [4, 5, 5, 8.25], "texture": "#0"},
				"south": {"uv": [4, 5, 5, 8.25], "texture": "#0"},
				"west": {"uv": [4, 5, 5, 8.25], "texture": "#0"},
				"up": {"uv": [4, 5, 5, 8.25], "texture": "#0"},
				"down": {"uv": [4, 5, 5, 8.25], "texture": "#0"}
			}
		},
		{
			"from": [5.75, 2.25, 9.25],
			"to": [6, 4, 9.5],
			"rotation": {"angle": 0, "axis": "y", "origin": [3, 2, 11.5]},
			"faces": {
				"north": {"uv": [4, 5, 5, 8.25], "texture": "#0"},
				"east": {"uv": [4, 5, 5, 8.25], "texture": "#0"},
				"south": {"uv": [4, 5, 5, 8.25], "texture": "#0"},
				"west": {"uv": [4, 5, 5, 8.25], "texture": "#0"},
				"up": {"uv": [4, 5, 5, 8.25], "texture": "#0"},
				"down": {"uv": [4, 5, 5, 8.25], "texture": "#0"}
			}
		},
		{
			"from": [6, 2.25, 9.5],
			"to": [6.25, 4, 9.75],
			"rotation": {"angle": 0, "axis": "y", "origin": [3.25, 2, 11.75]},
			"faces": {
				"north": {"uv": [4, 5, 5, 8.25], "texture": "#0"},
				"east": {"uv": [4, 5, 5, 8.25], "texture": "#0"},
				"south": {"uv": [4, 5, 5, 8.25], "texture": "#0"},
				"west": {"uv": [4, 5, 5, 8.25], "texture": "#0"},
				"up": {"uv": [4, 5, 5, 8.25], "texture": "#0"},
				"down": {"uv": [4, 5, 5, 8.25], "texture": "#0"}
			}
		},
		{
			"from": [6.25, 2.25, 9.75],
			"to": [6.5, 4, 10],
			"rotation": {"angle": 0, "axis": "y", "origin": [3.5, 2, 12]},
			"faces": {
				"north": {"uv": [4, 5, 5, 8.25], "texture": "#0"},
				"east": {"uv": [4, 5, 5, 8.25], "texture": "#0"},
				"south": {"uv": [4, 5, 5, 8.25], "texture": "#0"},
				"west": {"uv": [4, 5, 5, 8.25], "texture": "#0"},
				"up": {"uv": [4, 5, 5, 8.25], "texture": "#0"},
				"down": {"uv": [4, 5, 5, 8.25], "texture": "#0"}
			}
		},
		{
			"from": [6.5, 2.25, 10],
			"to": [6.75, 4, 10.25],
			"rotation": {"angle": 0, "axis": "y", "origin": [3.75, 2, 12.25]},
			"faces": {
				"north": {"uv": [4, 5, 5, 8.25], "texture": "#0"},
				"east": {"uv": [4, 5, 5, 8.25], "texture": "#0"},
				"south": {"uv": [4, 5, 5, 8.25], "texture": "#0"},
				"west": {"uv": [4, 5, 5, 8.25], "texture": "#0"},
				"up": {"uv": [4, 5, 5, 8.25], "texture": "#0"},
				"down": {"uv": [4, 5, 5, 8.25], "texture": "#0"}
			}
		},
		{
			"from": [5.75, 2, 6.75],
			"to": [6.75, 5.25, 9.25],
			"rotation": {"angle": 0, "axis": "y", "origin": [5, 2, 8]},
			"faces": {
				"north": {"uv": [1, 5, 2, 8.25], "texture": "#0"},
				"east": {"uv": [0, 4, 3.75, 9], "texture": "#0"},
				"south": {"uv": [0, 5, 1, 8.25], "texture": "#0"},
				"west": {"uv": [0, 5, 2.5, 8.25], "texture": "#0"},
				"up": {"uv": [0, 0, 1, 2.5], "texture": "#missing"},
				"down": {"uv": [2, 5, 3, 7.5], "texture": "#0"}
			}
		},
		{
			"from": [9.25, 2, 6.75],
			"to": [10.25, 5.25, 9.25],
			"rotation": {"angle": 0, "axis": "y", "origin": [8, 2, 8]},
			"faces": {
				"north": {"uv": [1, 5, 2, 8.25], "texture": "#0"},
				"east": {"uv": [0, 4, 3.75, 9], "texture": "#0"},
				"south": {"uv": [0, 5, 1, 8.25], "texture": "#0"},
				"west": {"uv": [0, 5, 2.5, 8.25], "texture": "#0"},
				"up": {"uv": [0, 0, 1, 2.5], "texture": "#missing"},
				"down": {"uv": [2, 5, 3, 7.5], "texture": "#0"}
			}
		},
		{
			"from": [6.5, 5.25, 5.5],
			"to": [9.5, 5.75, 10.5],
			"rotation": {"angle": 0, "axis": "y", "origin": [7, 5.25, 8]},
			"faces": {
				"north": {"uv": [4, 3, 7, 3.5], "texture": "#0"},
				"east": {"uv": [4, 3, 7, 3.5], "texture": "#0"},
				"south": {"uv": [4, 3, 7, 3.5], "texture": "#0"},
				"west": {"uv": [4, 3, 7, 3.5], "texture": "#0"},
				"up": {"uv": [4, 2, 7, 5], "texture": "#0"},
				"down": {"uv": [4, 2, 7, 5], "texture": "#0"}
			}
		},
		{
			"from": [5.5, 5.25, 6.5],
			"to": [7, 5.75, 9.5],
			"rotation": {"angle": 0, "axis": "y", "origin": [5, 5.25, 8]},
			"faces": {
				"north": {"uv": [4, 3, 7, 3.5], "texture": "#0"},
				"east": {"uv": [4, 3, 7, 3.5], "texture": "#0"},
				"south": {"uv": [4, 3, 7, 3.5], "texture": "#0"},
				"west": {"uv": [4, 3, 7, 3.5], "texture": "#0"},
				"up": {"uv": [4, 2, 7, 5], "texture": "#0"},
				"down": {"uv": [4, 2, 7, 5], "texture": "#0"}
			}
		},
		{
			"from": [9, 5.25, 6.5],
			"to": [10.5, 5.75, 9.5],
			"rotation": {"angle": 0, "axis": "y", "origin": [8, 5.25, 8]},
			"faces": {
				"north": {"uv": [4, 3, 7, 3.5], "texture": "#0"},
				"east": {"uv": [4, 3, 7, 3.5], "texture": "#0"},
				"south": {"uv": [4, 3, 7, 3.5], "texture": "#0"},
				"west": {"uv": [4, 3, 7, 3.5], "texture": "#0"},
				"up": {"uv": [4, 2, 7, 5], "texture": "#0"},
				"down": {"uv": [4, 2, 7, 5], "texture": "#0"}
			}
		},
		{
			"from": [6.5, 5.75, 6.5],
			"to": [9.5, 6.25, 9.5],
			"rotation": {"angle": 0, "axis": "y", "origin": [7, 5.75, 8]},
			"faces": {
				"north": {"uv": [4, 3, 7, 3.5], "texture": "#0"},
				"east": {"uv": [4, 3, 7, 3.5], "texture": "#0"},
				"south": {"uv": [4, 3, 7, 3.5], "texture": "#0"},
				"west": {"uv": [4, 3, 7, 3.5], "texture": "#0"},
				"up": {"uv": [4, 2, 7, 5], "texture": "#0"},
				"down": {"uv": [4, 2, 7, 5], "texture": "#0"}
			}
		}
	],
	"display": {
		"thirdperson_righthand": {
			"translation": [0, 4.75, 0]
		},
		"thirdperson_lefthand": {
			"translation": [0, 4.75, 0]
		},
		"firstperson_righthand": {
			"translation": [0, 5, 0.25]
		},
		"firstperson_lefthand": {
			"translation": [0, 5.25, 0.75]
		},
		"ground": {
			"translation": [0, 4.25, 0]
		},
		"gui": {
			"rotation": [16, -13.5, 0],
			"translation": [0, 8.25, 0],
			"scale": [1.70703, 1.70703, 1.70703]
		},
		"head": {
			"translation": [0, 17.75, 0],
			"scale": [1.36914, 1.36914, 1.36914]
		},
		"fixed": {
			"rotation": [-90, 0, 0],
			"translation": [0, 0, -14],
			"scale": [1.60938, 1.75, 1.60938]
		}
	},
	"groups": [
		0,
		1,
		2,
		3,
		4,
		5,
		6,
		7,
		{
			"name": "group",
			"origin": [6.5, 2, 8],
			"color": 0,
			"children": [8, 9, 10, 11]
		},
		{
			"name": "group",
			"origin": [6.5, 2, 8],
			"color": 0,
			"children": [12, 13, 14, 15]
		},
		{
			"name": "group",
			"origin": [6.5, 2, 8],
			"color": 0,
			"children": [16, 17, 18, 19]
		},
		{
			"name": "group",
			"origin": [3.75, 2, 12.25],
			"color": 0,
			"children": [20, 21, 22, 23]
		},
		24,
		25,
		26,
		27,
		28,
		29
	]
}