{
	"credit": "Made with Blockbench",
	"texture_size": [64, 64],
	"textures": {
		"4": "texture"
	},
	"elements": [
		{
			"from": [4.65, -1.25, 5],
			"to": [16, -0.5, 12],
			"rotation": {"angle": 0, "axis": "y", "origin": [7, -1.5, 6]},
			"faces": {
				"north": {"uv": [8, 8, 11.5, 8.25], "texture": "#4"},
				"east": {"uv": [0, 9.25, 2.75, 9.5], "texture": "#4"},
				"south": {"uv": [8, 8.25, 11.5, 8.5], "texture": "#4"},
				"west": {"uv": [2.75, 9.25, 5.5, 9.5], "texture": "#4"},
				"up": {"uv": [11.5, 2.75, 8, 0], "texture": "#4"},
				"down": {"uv": [11.5, 2.75, 8, 5.5], "texture": "#4"}
			}
		},
		{
			"from": [3, -0.5, 4],
			"to": [16, -0.25, 12],
			"rotation": {"angle": 0, "axis": "y", "origin": [7, -0.25, 6]},
			"faces": {
				"north": {"uv": [8, 5.5, 12, 5.75], "texture": "#4"},
				"east": {"uv": [8, 8.5, 11, 8.75], "texture": "#4"},
				"south": {"uv": [8, 5.75, 12, 6], "texture": "#4"},
				"west": {"uv": [8, 8.75, 11, 9], "texture": "#4"},
				"up": {"uv": [4, 3, 0, 0], "texture": "#4"},
				"down": {"uv": [4, 3, 0, 6], "texture": "#4"}
			}
		},
		{
			"from": [3, -0.25, 4.25],
			"to": [16, 0.5, 12],
			"rotation": {"angle": 0, "axis": "y", "origin": [7, 0, 6]},
			"faces": {
				"north": {"uv": [8, 6, 12, 6.25], "texture": "#4"},
				"east": {"uv": [0, 9, 3, 9.25], "texture": "#4"},
				"south": {"uv": [8, 6.25, 12, 6.5], "texture": "#4"},
				"west": {"uv": [3, 9, 6, 9.25], "texture": "#4"},
				"up": {"uv": [8, 3, 4, 0], "texture": "#4"},
				"down": {"uv": [8, 3, 4, 6], "texture": "#4"}
			}
		},
		{
			"from": [3, 0, 4],
			"to": [16, 0.25, 4.25],
			"rotation": {"angle": 0, "axis": "y", "origin": [7, 0.25, 8]},
			"faces": {
				"north": {"uv": [8, 6.5, 12, 6.75], "texture": "#4"},
				"east": {"uv": [5.5, 9.25, 5.75, 9.5], "texture": "#4"},
				"south": {"uv": [8, 6.75, 12, 7], "texture": "#4"},
				"west": {"uv": [5.75, 9.25, 6, 9.5], "texture": "#4"},
				"up": {"uv": [12, 7.25, 8, 7], "texture": "#4"},
				"down": {"uv": [12, 7.25, 8, 7.5], "texture": "#4"}
			}
		},
		{
			"from": [3, 0.5, 4],
			"to": [16, 0.75, 12],
			"rotation": {"angle": 0, "axis": "y", "origin": [7, 0.25, 6]},
			"faces": {
				"north": {"uv": [8, 7.5, 12, 7.75], "texture": "#4"},
				"east": {"uv": [6, 9, 9, 9.25], "texture": "#4"},
				"south": {"uv": [8, 7.75, 12, 8], "texture": "#4"},
				"west": {"uv": [9, 9, 12, 9.25], "texture": "#4"},
				"up": {"uv": [4, 9, 0, 6], "texture": "#4"},
				"down": {"uv": [8, 6, 4, 9], "texture": "#4"}
			}
		},
		{
			"from": [5.5, -0.25, 3.75],
			"to": [6.25, 0.5, 4],
			"rotation": {"angle": 0, "axis": "y", "origin": [4, -1.5, 2]},
			"faces": {
				"north": {"uv": [6, 9.25, 6.25, 9.5], "texture": "#4"},
				"east": {"uv": [6.25, 9.25, 6.5, 9.5], "texture": "#4"},
				"south": {"uv": [6.5, 9.25, 6.75, 9.5], "texture": "#4"},
				"west": {"uv": [6.75, 9.25, 7, 9.5], "texture": "#4"},
				"up": {"uv": [7.25, 9.5, 7, 9.25], "texture": "#4"},
				"down": {"uv": [7.5, 9.25, 7.25, 9.5], "texture": "#4"}
			}
		}
	],
	"display": {
		"thirdperson_righthand": {
			"translation": [0, 4.25, 0],
			"scale": [0.5, 0.5, 0.5]
		},
		"firstperson_righthand": {
			"rotation": [-26.87, -4.75, 9.35],
			"translation": [0, 10, 0]
		},
		"fixed": {
			"rotation": [-90, 0, 0],
			"translation": [-3.75, 0, -18.5],
			"scale": [2, 2, 2]
		}
	}
}